source_id,commit_sha,author_utc,committer_utc,subject,source_url
help-ja,327a782e90481268361b5ccccdb0c224b2b13fe6,2026-09-08T19:20:35Z,2026-09-08T19:20:35Z,chore: apply EN diff to locales,https://github.com/obsidianmd/obsidian-help/commit/327a782e90481268361b5ccccdb0c224b2b13fe6
help-ja,b2bbfc141948816ed46f3360cef38ce59f118013,2026-09-04T00:39:52Z,2026-09-04T00:39:52Z,chore: apply EN diff to locales,https://github.com/obsidianmd/obsidian-help/commit/b2bbfc141948816ed46f3360cef38ce59f118013
help-ja,a3985b585904ddb9f109bd80849b378085308c15,2026-08-25T17:49:41Z,2026-08-25T17:49:41Z,chore: apply EN diff to locales,https://github.com/obsidianmd/obsidian-help/commit/a3985b585904ddb9f109bd80849b378085308c15
help-ja,3179b875a3a184dc4b7da553e576ee08f360b2a2,2026-08-24T23:16:34Z,2026-08-24T23:16:34Z,fix: repair broken wikilink targets across locales,https://github.com/obsidianmd/obsidian-help/commit/3179b875a3a184dc4b7da553e576ee08f360b2a2
help-ja,ef15224774927402a0b7c09b412cd9533b0d3f4e,2026-08-24T22:26:08Z,2026-08-24T22:26:08Z,chore: apply EN diff to locales,https://github.com/obsidianmd/obsidian-help/commit/ef15224774927402a0b7c09b412cd9533b0d3f4e
help-ja,fbe7aa1875f696efbed0b61ec74d7c151b512c5f,2026-08-22T21:28:20Z,2026-08-22T21:28:20Z,chore: apply EN diff to locales,https://github.com/obsidianmd/obsidian-help/commit/fbe7aa1875f696efbed0b61ec74d7c151b512c5f
help-ja,cc95001ca5e44a1cf7930e2fade689aade3fd234,2026-08-19T15:44:05Z,2026-08-19T15:44:05Z,chore: apply EN diff to locales,https://github.com/obsidianmd/obsidian-help/commit/cc95001ca5e44a1cf7930e2fade689aade3fd234
help-ja,b8cf62bc2aac486dd0e2ec4cdaf7fa518b1a10a0,2026-08-12T14:51:09Z,2026-08-12T14:51:09Z,chore: apply EN diff to locales,https://github.com/obsidianmd/obsidian-help/commit/b8cf62bc2aac486dd0e2ec4cdaf7fa518b1a10a0
help-ja,acfd3a493093982c6ddcf638e3ded9c0c54f453c,2026-08-08T18:34:30Z,2026-08-08T18:34:30Z,chore: apply EN diff to locales,https://github.com/obsidianmd/obsidian-help/commit/acfd3a493093982c6ddcf638e3ded9c0c54f453c
help-ja,5b4401b9ad3b085c39acd6cfa791ca898f69d3e0,2026-08-07T02:02:38Z,2026-08-07T02:02:38Z,chore: apply EN diff to locales,https://github.com/obsidianmd/obsidian-help/commit/5b4401b9ad3b085c39acd6cfa791ca898f69d3e0
help-ja,432d50c9a60636457d9bde55b76ffb0f4f907a9c,2026-08-07T00:43:28Z,2026-08-07T00:43:28Z,chore: apply EN diff to locales,https://github.com/obsidianmd/obsidian-help/commit/432d50c9a60636457d9bde55b76ffb0f4f907a9c
help-ja,3c5a0fc5c9bece1635fa23a9bd00585d2d8e0ea3,2026-08-05T16:21:59Z,2026-08-05T16:21:59Z,Update images across locales,https://github.com/obsidianmd/obsidian-help/commit/3c5a0fc5c9bece1635fa23a9bd00585d2d8e0ea3
help-ja,3ae6c0c6c3fd34d694efcdb0301783e833cf3a65,2026-08-05T15:58:06Z,2026-08-05T15:58:06Z,chore: apply EN diff to locales,https://github.com/obsidianmd/obsidian-help/commit/3ae6c0c6c3fd34d694efcdb0301783e833cf3a65
help-ja,3180a4a006e5462a17da1731491b5faa087158c4,2026-08-05T13:51:58Z,2026-08-05T13:51:58Z,chore: apply EN diff to locales,https://github.com/obsidianmd/obsidian-help/commit/3180a4a006e5462a17da1731491b5faa087158c4
help-ja,8a59e12f6bcffb487ae8d6a40773e41e9c6017bc,2026-08-04T23:53:14Z,2026-08-04T23:53:14Z,chore: apply EN diff to locales,https://github.com/obsidianmd/obsidian-help/commit/8a59e12f6bcffb487ae8d6a40773e41e9c6017bc
help-ja,b254ef7b14bec1bbbdf8218577f2b04b8eb8ce75,2026-08-04T22:35:14Z,2026-08-04T22:35:14Z,Add language search,https://github.com/obsidianmd/obsidian-help/commit/b254ef7b14bec1bbbdf8218577f2b04b8eb8ce75
help-ja,1d26fe9d22673ba476c77919800ce514dc0907e0,2026-07-30T17:37:39Z,2026-07-30T17:37:39Z,chore: apply EN diff to locales,https://github.com/obsidianmd/obsidian-help/commit/1d26fe9d22673ba476c77919800ce514dc0907e0
help-ja,e0e7d831ec66c578ccde6b1628ebf448a86aa28f,2026-07-30T17:23:44Z,2026-07-30T17:23:44Z,chore: apply EN diff to locales,https://github.com/obsidianmd/obsidian-help/commit/e0e7d831ec66c578ccde6b1628ebf448a86aa28f
help-ja,07ffe330ed45b5d37d5594a377067d05e68fdcfe,2026-07-29T22:56:37Z,2026-07-29T22:56:37Z,chore: apply EN diff to locales,https://github.com/obsidianmd/obsidian-help/commit/07ffe330ed45b5d37d5594a377067d05e68fdcfe
help-ja,c40cc412fdbe32b4f5fa4f49c5873e8ea50d78f4,2026-07-29T22:31:48Z,2026-07-29T22:31:48Z,chore: apply EN diff to locales,https://github.com/obsidianmd/obsidian-help/commit/c40cc412fdbe32b4f5fa4f49c5873e8ea50d78f4
help-ja,a97de34c1a9f2381586f4f51070aeb9207c8a457,2026-07-23T18:31:36Z,2026-07-23T18:31:36Z,chore: apply EN diff to locales,https://github.com/obsidianmd/obsidian-help/commit/a97de34c1a9f2381586f4f51070aeb9207c8a457
help-ja,53ac2293eb4289abcd4991e1cb92e583bc50ed3a,2026-07-16T16:44:48Z,2026-07-16T16:44:48Z,Romanian (#1109),https://github.com/obsidianmd/obsidian-help/commit/53ac2293eb4289abcd4991e1cb92e583bc50ed3a
help-ja,bace66f67d5ec146498c4d9e769a4875bcd3927a,2026-07-16T16:44:38Z,2026-07-16T16:44:38Z,Bengali (#1108),https://github.com/obsidianmd/obsidian-help/commit/bace66f67d5ec146498c4d9e769a4875bcd3927a
help-ja,a79fbba16c6a2b25a1530a019e6158b6f734877e,2026-07-15T21:58:30Z,2026-07-15T21:58:30Z,chore: apply EN diff to locales,https://github.com/obsidianmd/obsidian-help/commit/a79fbba16c6a2b25a1530a019e6158b6f734877e
help-ja,08b1bf6ab6c0b7fe971ef37cb75b1ea5fd4f9e0b,2026-07-13T19:35:01Z,2026-07-13T19:35:01Z,chore: apply EN diff to locales,https://github.com/obsidianmd/obsidian-help/commit/08b1bf6ab6c0b7fe971ef37cb75b1ea5fd4f9e0b
help-ja,6515aaa9dca64eeab9ef72e7b5f496bd970d440a,2026-07-13T19:19:17Z,2026-07-13T19:19:17Z,chore: apply EN diff to locales,https://github.com/obsidianmd/obsidian-help/commit/6515aaa9dca64eeab9ef72e7b5f496bd970d440a
help-ja,22d0c820f1184720c077c007e65034cb3345d12e,2026-07-13T01:54:44Z,2026-07-13T01:54:44Z,chore: apply EN diff to locales,https://github.com/obsidianmd/obsidian-help/commit/22d0c820f1184720c077c007e65034cb3345d12e
help-ja,3a6e565ec0a0f020633b22dd07062a882a2cfe2c,2026-07-13T01:26:30Z,2026-07-13T01:26:30Z,chore: apply EN diff to locales,https://github.com/obsidianmd/obsidian-help/commit/3a6e565ec0a0f020633b22dd07062a882a2cfe2c
ui-ja,a6b97e5d4ed717ea9fca3e8b4233af1f9f807173,2026-09-28T17:46:35Z,2026-09-28T17:46:35Z,Sync translations with app.,https://github.com/obsidianmd/obsidian-translations/commit/a6b97e5d4ed717ea9fca3e8b4233af1f9f807173
ui-ja,46540218985a74cb54d7546726b6e061be670f21,2026-09-16T20:19:08Z,2026-09-16T20:19:13Z,Sync translations with app.,https://github.com/obsidianmd/obsidian-translations/commit/46540218985a74cb54d7546726b6e061be670f21
ui-ja,e7818f458100ac1e378754a9a141223523fe4353,2026-09-08T17:48:45Z,2026-09-08T17:48:45Z,Update translations.,https://github.com/obsidianmd/obsidian-translations/commit/e7818f458100ac1e378754a9a141223523fe4353
ui-ja,f91e4022190f7ae28c1ece693224e546d65a2479,2026-07-13T20:33:58Z,2026-07-13T20:33:58Z,Update translations.,https://github.com/obsidianmd/obsidian-translations/commit/f91e4022190f7ae28c1ece693224e546d65a2479
