trial,condition,round,within_round,loaded_plugins,actual_plugin_versions,CDP_ready_ms,GUI_text_ready_ms,plugin_state_observed_ms,start_at_utc,shared_CPU_busy_percent,MemAvailable_before_kib,MemAvailable_after_kib,load1_before,load1_after,pass,shutdown_exit
1,P0,1,1,0,,355.765077,949.140081,951.639531,2026-09-30T17:59:56.465962+00:00,36.062717770034844,16999812,16793456,0.34,0.34,True,0
2,P1,1,2,1,templater-obsidian@2.25.1,338.712196,973.461768,976.077573,2026-09-30T17:59:57.809079+00:00,37.58503401360544,16832600,16744820,0.34,0.34,True,0
3,P2,1,3,2,quickadd@2.29.0;templater-obsidian@2.25.1,329.109217,1105.043378,1107.334343,2026-09-30T17:59:59.158782+00:00,44.27001569858713,16848144,16686744,0.34,0.71,True,0
4,P1,2,1,1,templater-obsidian@2.25.1,314.875488,926.460382,929.922894,2026-09-30T18:00:00.635242+00:00,36.59889094269871,16735164,16702056,0.71,0.71,True,0
5,P2,2,2,2,quickadd@2.29.0;templater-obsidian@2.25.1,331.592121,1017.457357,1019.941623,2026-09-30T18:00:01.914600+00:00,35.144312393887944,16727428,16675940,0.71,0.71,True,0
6,P0,2,3,0,,323.862362,892.487646,894.880594,2026-09-30T18:00:03.249139+00:00,36.22641509433962,16778048,16715252,0.71,0.71,True,0
7,P2,3,1,2,quickadd@2.29.0;templater-obsidian@2.25.1,325.438906,1015.925254,1018.576552,2026-09-30T18:00:04.505128+00:00,36.633663366336634,16785288,16719292,0.71,0.9,True,0
8,P0,3,2,0,,313.052848,917.331376,919.054955,2026-09-30T18:00:05.869007+00:00,35.94890510948905,16877024,16756360,0.9,0.9,True,0
9,P1,3,3,1,templater-obsidian@2.25.1,325.01266,947.721536,950.018189,2026-09-30T18:00:07.146164+00:00,35.879218472468914,16817556,16740048,0.9,0.9,True,0
